序号,链接,节点数
0,https://4e6AEp.absslk.xyz/4940087fff1694c94e65c77ce18cd51d,40
1,https://OrEH3z.mcsslk.xyz/7bb812322d0f0c74dccc255339f6ba26,39
2,https://gitlab.com/colloq168/nodefiltrate/-/raw/main/filtrate?ref_type=heads,183
3,https://raw.githubusercontent.com/Alvin9999/pac2/master/clash.meta2/1/config.yaml,0
4,https://raw.githubusercontent.com/Alvin9999/pac2/master/clash.meta2/13/config.yaml,0
5,https://raw.githubusercontent.com/Alvin9999/pac2/master/clash.meta2/15/config.yaml,0
6,https://raw.githubusercontent.com/Alvin9999/pac2/master/clash.meta2/2/config.yaml,0
7,https://raw.githubusercontent.com/Alvin9999/pac2/master/clash.meta2/config.yaml,0
8,https://raw.githubusercontent.com/Huibq/TrojanLinks/master/links/vmess,0
9,https://raw.githubusercontent.com/Surfboardv2ray/TGParse/main/python/hy2,8
10,https://raw.githubusercontent.com/Surfboardv2ray/TGParse/main/python/hysteria2,24
11,https://raw.githubusercontent.com/qjlxg/hy2/main/splitted/hy2,19
12,https://raw.githubusercontent.com/ripaojiedian/freenode/main/clash,24
13,https://raw.githubusercontent.com/ripaojiedian/freenode/main/sub,24
14,https://raw.githubusercontent.com/zhangkaiitugithub/passcro/main/speednodes.yaml,67
15,dynamic://peasoft,0

总计,,374
